sub3	2022-Mar	2022-Feb	2022-Jan	2021-Dec	2021-Nov	2021-Oct	2021-Sep	2021-Aug	2021-Jul	2021-Jun	2021-May	2021-Apr	2021-Mar	2021-Feb	2021-Jan	2020-Dec	2020-Nov	2020-Oct	2020-Sep	2020-Aug	2020-Jul	2020-Jun	2020-May	2020-Apr	2020-Mar	2020-Feb	2020-Jan	2019-Dec	2019-Nov	2019-Oct	2019-Sep	2019-Aug	2019-Jul	2019-Jun	2019-May	2019-Apr	2019-Mar	2019-Feb	2019-Jan	2018-Dec	2018-Nov	2018-Oct	2018-Sep	2018-Aug	2018-Jul	2018-Jun	2018-May	2018-Apr	2018-Mar	2018-Feb	2018-Jan	2017-Dec	2017-Nov	2017-Oct	2017-Sep	2017-Aug	2017-Jul	2017-Jun	2017-May	2017-Apr	2017-Mar	2017-Feb	2017-Jan	2016-Dec	2016-Nov	2016-Oct	2016-Sep	2016-Aug	2016-Jul	2016-Jun	2016-May	2016-Apr	2016-Mar	2016-Feb	2016-Jan	2015-Dec	2015-Nov	2015-Oct	2015-Sep	2015-Aug	2015-Jul	2015-Jun	2015-May	2015-Apr	2015-Mar	2015-Feb	2015-Jan	2014-Dec	2014-Nov	2014-Oct	2014-Sep	2014-Aug	2014-Jul	2014-Jun	2014-May	2014-Apr	2014-Mar	2014-Feb	2014-Jan	2013-Dec	2013-Nov	2013-Oct	2013-Sep	2013-Aug	2013-Jul	2013-Jun	2013-May	2013-Apr	2013-Mar	2013-Feb	2013-Jan	2012-Dec	2012-Nov	2012-Oct	2012-Sep	2012-Aug	2012-Jul	2012-Jun	2012-May	2012-Apr	2012-Mar	2012-Feb	2012-Jan	2011-Dec	2011-Nov	2011-Oct	2011-Sep	2011-Aug	2011-Jul	2011-Jun	2011-May	2011-Apr	2011-Mar	2011-Feb	2011-Jan	2010-Dec	2010-Nov	2010-Oct	2010-Sep	2010-Aug	2010-Jul	2010-Jun	2010-May	2010-Apr	2010-Mar	2010-Feb	2010-Jan	2009-Dec	2009-Nov	2009-Oct	2009-Sep	2009-Aug	2009-Jul	2009-Jun	2009-May	2009-Apr	2009-Mar	2009-Feb	2009-Jan	2008-Dec	2008-Nov	2008-Oct	2008-Sep	2008-Aug	2008-Jul	2008-Jun	2008-May	2008-Apr	2008-Mar	2008-Feb	2008-Jan	2007-Dec	2007-Nov	2007-Oct	2007-Sep	2007-Aug	2007-Jul	2007-Jun	2007-May	2007-Apr	2007-Mar	2007-Feb	2007-Jan	2006-Dec	2006-Nov	2006-Oct	2006-Sep	2006-Aug	2006-Jul	2006-Jun	2006-May	2006-Apr	2006-Mar	2006-Feb	2006-Jan	2005-Dec	2005-Nov	2005-Oct	2005-Sep	2005-Aug	2005-Jul	2005-Jun	2005-May	2005-Apr	2005-Mar	2005-Feb	2005-Jan	2004-Dec	2004-Nov	2004-Oct	2004-Sep	2004-Aug	2004-Jul	2004-Jun	2004-May	2004-Apr	2004-Mar	2004-Feb	2004-Jan	2003-Dec	2003-Nov	2003-Oct	2003-Sep	2003-Aug	2003-Jul	2003-Jun	2003-May	2003-Apr	2003-Mar	2003-Feb	2003-Jan	2002-Dec	2002-Nov	2002-Oct	2002-Sep	2002-Aug	2002-Jul	2002-Jun	2002-May	2002-Apr	2002-Mar	2002-Feb	2002-Jan	2001-Dec	2001-Nov	2001-Oct	2001-Sep	2001-Aug	2001-Jul	2001-Jun	2001-May	2001-Apr	2001-Mar	2001-Feb	2001-Jan	2000-Dec	2000-Nov	2000-Oct	2000-Sep	2000-Aug	2000-Jul	2000-Jun	2000-May	2000-Apr	2000-Mar	2000-Feb	2000-Jan	1999-Dec	1999-Nov	1999-Oct	1999-Sep	1999-Aug	1999-Jul	1999-Jun	1999-May	1999-Apr	1999-Mar	1999-Feb	1999-Jan	1998-Dec	1998-Nov	1998-Oct	1998-Sep	1998-Aug	1998-Jul	1998-Jun	1998-May	1998-Apr	1998-Mar	1998-Feb	1998-Jan	1997-Dec	1997-Nov	1997-Oct	1997-Sep	1997-Aug	1997-Jul	1997-Jun	1997-May	1997-Apr	1997-Mar	1997-Feb	1997-Jan	1996-Dec	1996-Nov	1996-Oct	1996-Sep	1996-Aug	1996-Jul	1996-Jun	1996-May	1996-Apr	1996-Mar	1996-Feb	1996-Jan	1995-Dec	1995-Nov	1995-Oct	1995-Sep	1995-Aug	1995-Jul	1995-Jun	1995-May	1995-Apr	1995-Mar	1995-Feb	1995-Jan	1994-Dec	1994-Nov	1994-Oct	1994-Sep	1994-Aug	1994-Jul	1994-Jun	1994-May	1994-Apr	1994-Mar	1994-Feb	1994-Jan	1993-Dec	1993-Nov	1993-Oct	1993-Sep	1993-Aug	1993-Jul	1993-Jun	1993-May	1993-Apr	1993-Mar	1993-Feb	1993-Jan	1992-Dec	1992-Nov	1992-Oct	1992-Sep	1992-Aug	1992-Jul	1992-Jun	1992-May	1992-Apr	1992-Mar	1992-Feb	1992-Jan	1991-Dec	1991-Nov	1991-Oct	1991-Sep	1991-Aug	1991-Jul	1991-Jun	1991-May	1991-Apr	1991-Mar	1991-Feb	1991-Jan	1990-Dec	1990-Nov	1990-Oct	1990-Sep	1990-Aug	1990-Jul	1990-Jun	1990-May	1990-Apr	1990-Mar	1990-Feb	1990-Jan	1989-Dec	1989-Nov	1989-Oct	1989-Sep	1989-Aug	1989-Jul	1989-Jun	1989-May	1989-Apr	1989-Mar	1989-Feb	1989-Jan	1988-Dec	1988-Nov	1988-Oct	1988-Sep	1988-Aug	1988-Jul	1988-Jun	1988-May	1988-Apr	1988-Mar	1988-Feb	1988-Jan	1987-Dec	1987-Nov	1987-Oct	1987-Sep	1987-Aug	1987-Jul	1987-Jun	1987-May	1987-Apr	1987-Mar	1987-Feb	1987-Jan	1986-Dec	1986-Nov	1986-Oct	1986-Sep	1986-Aug	1986-Jul	1986-Jun	1986-May	1986-Apr	1986-Mar	1986-Feb	1986-Jan	1985-Dec	1985-Nov	1985-Oct	1985-Sep	1985-Aug	1985-Jul	1985-Jun	1985-May	1985-Apr	1985-Mar	1985-Feb	1985-Jan	1984-Dec	1984-Nov	1984-Oct	1984-Sep	1984-Aug	1984-Jul	1984-Jun	1984-May	1984-Apr	1984-Mar	1984-Feb	1984-Jan	1983-Dec	1983-Nov	1983-Oct	1983-Sep	1983-Aug	1983-Jul	1983-Jun	1983-May	1983-Apr	1983-Mar	1983-Feb	1983-Jan	1982-Dec	1982-Nov	1982-Oct	1982-Sep	1982-Aug	1982-Jul	1982-Jun	1982-May	1982-Apr	1982-Mar	1982-Feb	1982-Jan	1981-Dec	1981-Nov	1981-Oct	1981-Sep	1981-Aug	1981-Jul	1981-Jun	1981-May	1981-Apr	1981-Mar	1981-Feb	1981-Jan	1980-Dec	1980-Nov	1980-Oct	1980-Sep	1980-Aug	1980-Jul	1980-Jun	1980-May	1980-Apr	1980-Mar	1980-Feb	1980-Jan	1979-Dec	1979-Nov	1979-Oct	1979-Sep	1979-Aug	1979-Jul	1979-Jun	1979-May	1979-Apr	1979-Mar	1979-Feb	1979-Jan	1978-Dec	1978-Nov	1978-Oct	1978-Sep	1978-Aug	1978-Jul	1978-Jun	1978-May	1978-Apr	1978-Mar	1978-Feb	1978-Jan	1977-Dec	1977-Nov	1977-Oct	1977-Sep	1977-Aug	1977-Jul	1977-Jun	1977-May	1977-Apr	1977-Mar	1977-Feb	1977-Jan	1976-Dec	1976-Nov	1976-Oct	1976-Sep	1976-Aug	1976-Jul	1976-Jun	1976-May	1976-Apr	1976-Mar	1976-Feb	1976-Jan	1975-Dec	1975-Nov	1975-Oct	1975-Sep	1975-Aug	1975-Jul	1975-Jun	1975-May	1975-Apr	1975-Mar	1975-Feb	1975-Jan	1974-Dec	1974-Nov	1974-Oct	1974-Sep	1974-Aug	1974-Jul	1974-Jun	1974-May	1974-Apr	1974-Mar	1974-Feb	1974-Jan	1973-Dec	1973-Nov	1973-Oct	1973-Sep	1973-Aug	1973-Jul	1973-Jun	1973-May	1973-Apr	1973-Mar	1973-Feb	1973-Jan	1972-Dec	1972-Nov	1972-Oct	1972-Sep	1972-Aug	1972-Jul	1972-Jun	1972-May	1972-Apr	1972-Mar	1972-Feb	1972-Jan	1971-Dec	1971-Nov	1971-Oct	1971-Sep	1971-Aug	1971-Jul	1971-Jun	1971-May	1971-Apr	1971-Mar	1971-Feb	1971-Jan	1970-Dec	1970-Nov	1970-Oct	1970-Sep	1970-Aug	1970-Jul	1970-Jun	1970-May	1970-Apr	1970-Mar	1970-Feb	1970-Jan	1969-Dec	1969-Nov	1969-Oct	1969-Sep	1969-Aug	1969-Jul	1969-Jun	1969-May	1969-Apr	1969-Mar	1969-Feb	1969-Jan	1968-Dec	1968-Nov	1968-Oct	1968-Sep	1968-Aug	1968-Jul	1968-Jun	1968-May	1968-Apr	1968-Mar	1968-Feb	1968-Jan	1967-Dec	1967-Nov	1967-Oct	1967-Sep	1967-Aug	1967-Jul	1967-Jun	1967-May	1967-Apr	1967-Mar	1967-Feb	1967-Jan	1966-Dec	1966-Nov	1966-Oct	1966-Sep	1966-Aug	1966-Jul	1966-Jun	1966-May	1966-Apr	1966-Mar	1966-Feb	1966-Jan	1965-Dec	1965-Nov	1965-Oct	1965-Sep	1965-Aug	1965-Jul	1965-Jun	1965-May	1965-Apr	1965-Mar	1965-Feb	1965-Jan	1964-Dec	1964-Nov	1964-Oct	1964-Sep	1964-Aug	1964-Jul	1964-Jun	1964-May	1964-Apr	1964-Mar	1964-Feb	1964-Jan	1963-Dec	1963-Nov	1963-Oct	1963-Sep	1963-Aug	1963-Jul	1963-Jun	1963-May	1963-Apr	1963-Mar	1963-Feb	1963-Jan	1962-Dec	1962-Nov	1962-Oct	1962-Sep	1962-Aug	1962-Jul	1962-Jun	1962-May	1962-Apr	1962-Mar	1962-Feb	1962-Jan	1961-Dec	1961-Nov	1961-Oct	1961-Sep	1961-Aug	1961-Jul	1961-Jun	1961-May	1961-Apr	1961-Mar	1961-Feb	1961-Jan	1960-Dec	1960-Nov	1960-Oct	1960-Sep	1960-Aug	1960-Jul	1960-Jun	1960-May	1960-Apr	1960-Mar	1960-Feb	1960-Jan	1959-Dec	1959-Nov	1959-Oct	1959-Sep	1959-Aug	1959-Jul	1959-Jun	1959-May	1959-Apr	1959-Mar	1959-Feb	1959-Jan	1958-Dec	1958-Nov	1958-Oct	1958-Sep	1958-Aug	1958-Jul	1958-Jun	1958-May	1958-Apr	1958-Mar	1958-Feb	1958-Jan	1957-Dec	1957-Nov	1957-Oct	1957-Sep	1957-Aug	1957-Jul	1957-Jun	1957-May	1957-Apr	1957-Mar	1957-Feb	1957-Jan	1956-Dec	1956-Nov	1956-Oct	1956-Sep	1956-Aug	1956-Jul	1956-Jun	1956-May	1956-Apr	1956-Mar	1956-Feb	1956-Jan	1955-Dec	1955-Nov	1955-Oct	1955-Sep	1955-Aug	1955-Jul	1955-Jun	1955-May	1955-Apr	1955-Mar	1955-Feb	1955-Jan	1954-Dec	1954-Nov	1954-Oct	1954-Sep	1954-Aug	1954-Jul	1954-Jun	1954-May	1954-Apr	1954-Mar	1954-Feb	1954-Jan	1953-Dec	1953-Nov	1953-Oct	1953-Sep	1953-Aug	1953-Jul	1953-Jun	1953-May	1953-Apr	1953-Mar	1953-Feb	1953-Jan	1952-Dec	1952-Nov	1952-Oct	1952-Sep	1952-Aug	1952-Jul	1952-Jun	1952-May	1952-Apr	1952-Mar	1952-Feb	1952-Jan	1951-Dec	1951-Nov	1951-Oct	1951-Sep	1951-Aug	1951-Jul	1951-Jun	1951-May	1951-Apr	1951-Mar	1951-Feb	1951-Jan	1950-Dec	1950-Nov	1950-Oct	1950-Sep	1950-Aug	1950-Jul	1950-Jun	1950-May	1950-Apr	1950-Mar	1950-Feb	1950-Jan	1949-Dec	1949-Nov	1949-Oct	1949-Sep	1949-Aug	1949-Jul	1949-Jun	1949-May	1949-Apr	1949-Mar	1949-Feb	1949-Jan	1948-Dec	1948-Nov	1948-Oct	1948-Sep	1948-Aug	1948-Jul	1948-Jun	1948-May	1948-Apr	1948-Mar	1948-Feb	1948-Jan	1947-Dec	1947-Nov	1947-Oct	1947-Sep	1947-Aug	1947-Jul	1947-Jun	1947-May	1947-Apr	1947-Mar	1947-Feb	1947-Jan	1946-Dec	1946-Nov	1946-Oct	1946-Sep	1946-Aug	1946-Jul	1946-Jun	1946-May	1946-Apr	1946-Mar	1946-Feb	1946-Jan	1945-Dec	1945-Nov	1945-Oct	1945-Sep	1945-Aug	1945-Jul	1945-Jun	1945-May	1945-Apr	1945-Mar	1945-Feb	1945-Jan	1944-Dec	1944-Nov	1944-Oct	1944-Sep	1944-Aug	1944-Jul	1944-Jun	1944-May	1944-Apr	1944-Mar	1944-Feb	1944-Jan	1943-Dec	1943-Nov	1943-Oct	1943-Sep	1943-Aug	1943-Jul	1943-Jun	1943-May	1943-Apr	1943-Mar	1943-Feb	1943-Jan	1942-Dec	1942-Nov	1942-Oct	1942-Sep	1942-Aug	1942-Jul	1942-Jun	1942-May	1942-Apr	1942-Mar	1942-Feb	1942-Jan	1941-Dec	1941-Nov	1941-Oct	1941-Sep	1941-Aug	1941-Jul	1941-Jun	1941-May	1941-Apr	1941-Mar	1941-Feb	1941-Jan	1940-Dec	1940-Nov	1940-Oct	1940-Sep	1940-Aug	1940-Jul	1940-Jun	1940-May	1940-Apr	1940-Mar	1940-Feb	1940-Jan	1939-Dec	1939-Nov	1939-Oct	1939-Sep	1939-Aug	1939-Jul	1939-Jun	1939-May	1939-Apr	1939-Mar	1939-Feb	1939-Jan	1938-Dec	1938-Nov	1938-Oct	1938-Sep	1938-Aug	1938-Jul	1938-Jun	1938-May	1938-Apr	1938-Mar	1938-Feb	1938-Jan	1937-Dec	1937-Nov	1937-Oct	1937-Sep	1937-Aug	1937-Jul	1937-Jun	1937-May	1937-Apr	1937-Mar	1937-Feb	1937-Jan	1936-Dec	1936-Nov	1936-Oct	1936-Sep	1936-Aug	1936-Jul	1936-Jun	1936-May	1936-Apr	1936-Mar	1936-Feb	1936-Jan	1935-Dec	1935-Nov	1935-Oct	1935-Sep	1935-Aug	1935-Jul	1935-Jun	1935-May	1935-Apr	1935-Mar	1935-Feb	1935-Jan	1934-Dec	1934-Nov	1934-Oct	1934-Sep	1934-Aug	1934-Jul	1934-Jun	1934-May	1934-Apr	1934-Mar	1934-Feb	1934-Jan	1933-Dec	1933-Nov	1933-Oct	1933-Sep	1933-Aug	1933-Jul	1933-Jun	1933-May	1933-Apr	1933-Mar	1933-Feb	1933-Jan	1932-Dec	1932-Nov	1932-Oct	1932-Sep	1932-Aug	1932-Jul	1932-Jun	1932-May	1932-Apr	1932-Mar	1932-Feb	1932-Jan	1931-Dec	1931-Nov	1931-Oct	1931-Sep	1931-Aug	1931-Jul	1931-Jun	1931-May	1931-Apr	1931-Mar	1931-Feb	1931-Jan	1930-Dec	1930-Nov	1930-Oct	1930-Sep	1930-Aug	1930-Jul	1930-Jun	1930-May	1930-Apr	1930-Mar	1930-Feb	1930-Jan	1929-Dec	1929-Nov	1929-Oct	1929-Sep	1929-Aug	1929-Jul	1929-Jun	1929-May	1929-Apr	1929-Mar	1929-Feb	1929-Jan	1928-Dec	1928-Nov	1928-Oct	1928-Sep	1928-Aug	1928-Jul	1928-Jun	1928-May	1928-Apr	1928-Mar	1928-Feb	1928-Jan	1927-Dec	1927-Nov	1927-Oct	1927-Sep	1927-Aug	1927-Jul	1927-Jun	1927-May	1927-Apr	1927-Mar	1927-Feb	1927-Jan	1926-Dec	1926-Nov	1926-Oct	1926-Sep	1926-Aug	1926-Jul	1926-Jun	1926-May	1926-Apr	1926-Mar	1926-Feb	1926-Jan	1925-Dec	1925-Nov	1925-Oct	1925-Sep	1925-Aug	1925-Jul	1925-Jun	1925-May	1925-Apr	1925-Mar	1925-Feb	1925-Jan	1924-Dec	1924-Nov	1924-Oct	1924-Sep	1924-Aug	1924-Jul	1924-Jun	1924-May	1924-Apr	1924-Mar	1924-Feb	1924-Jan	1923-Dec	1923-Nov	1923-Oct	1923-Sep	1923-Aug	1923-Jul	1923-Jun	1923-May	1923-Apr	1923-Mar	1923-Feb	1923-Jan	1922-Dec	1922-Nov	1922-Oct	1922-Sep	1922-Aug	1922-Jul	1922-Jun	1922-May	1922-Apr	1922-Mar
Public road transport-Operated average busses																												5,048	4,096	5,105	5,063	5,100	5,154	5,010	5,043	4,879	5,189	5,177	5,269	11,718,820	12,197,076	13,546,849	8,126,798	5,256	5,268	5,261	5,210	5,051	5,250	5,170	5,324	5,274	5,331	5,349	5,318	5,299	5,306	5,254	5,123	5,109	5,284	5,250	5,292	5,342	5,331	5,331	5,313	5,298	5,325	5,322	5,192	5,150	5,377	5,374	5,419	5,444	5,422	5,430	5,484	5,311	5,392	5,263	5,132	5,101	5,234	5,114	4,917	5,009	5,022	4,916	4,777	4,561	4,516	4,374	4,367	4,306	4,448	4,410	4,451	4,387	4,421	4,421	4,402	4,415	4,497	4,362	4,307	4,204	4,384	4,335	4,338	4,250	4,308	4,305	4,344	4,335	4,374	4,335	4,203	4,254	4,246	4,384	4,434	4,413	4,392	4,416	4,344	4,373	4,355	4,330	4,241	4,228	4,435	4,377	4,470	4,495	4,511	4,510	4,542	4,465	4,495	4,414	4,309	4,212	4,516	4,427	4,390																																																																																																																																																																																																																																																																																																																																																																																																																																																																																																																																																																																																																																																																																																																																																																																																																																																																																																																																																																																																																																																																																														
Public road transport-Operated kilometres																												36,672,536	33,965,394	37,085,057	35,259,440	37,300,708	37,700,048	34,779,746	35,820,124	32,684,404	37,832,287	34,137,904	38,066,659	5,242	5,209	5,272	5,216	38,463,608	38,611,396	37,138,379	37,725,056	34,884,713	37,863,708	33,866,153	38,112,144	38,247,085	37,210,280	38,647,095	37,424,520	38,804,366	38,441,777	36,695,310	36,736,701	35,204,885	38,311,261	34,174,821	38,235,314	38,489,951	37,290,512	38,437,111	37,379,243	38,486,689	38,675,513	37,194,420	37,106,502	35,457,401	38,682,722	35,943,575	38,640,159	38,971,074	37,505,586	38,950,854	37,907,571	37,481,480	38,837,444	36,704,472	36,773,376	34,393,457	36,975,629	32,200,945	33,700,725	35,263,151	34,133,910	34,212,208	31,850,930	31,664,052	31,363,690	28,829,252	29,426,707	28,069,095	29,812,479	26,830,193	29,780,607	29,455,052	28,421,844	29,627,559	28,516,863	29,597,454	29,959,564	28,127,319	28,613,727	27,029,140	29,245,977	26,302,967	28,802,529	28,229,355	27,763,007	28,923,374	28,113,023	29,120,156	29,441,135	28,165,679	27,706,729	26,620,877	26,740,220	27,543,430	29,463,454	29,297,644	28,179,554	29,013,690	28,300,846	29,333,623	29,434,056	28,155,805	28,057,207	26,896,933	28,902,711	26,064,720	29,203,929	29,531,492	29,051,146	30,243,998	29,514,735	29,860,077	29,873,126	27,988,299	27,843,929	25,743,851	29,069,252	25,761,214	26,560,852	28,975,475	28,196,373	28,821,511	28,258,065	28,857,354	29,603,774	27,962,439	28,388,694	25,395,185	28,012,929	23,762,783	26,456,608	26,040,289	25,698,161	26,668,990	26,205,044	26,873,299	27,377,833	25,705,009	25,931,879	24,563,523	27,359,847	24,708,808	26,646,934	25,991,884	25,569,271	26,421,580	26,844,811	27,055,971	26,906,406	25,663,722	25,130,141	23,776,269	25,616,052	23,046,029	24,011,341	23,710,950	22,222,992	22,976,310	22,619,535	22,147,578	21,920,817	23,528,711	23,554,275	22,857,116	21,773,506	19,654,332	20,921,114	21,754,118	19,104,836	21,372,356	22,471,654	22,773,507	23,220,709	21,004,154	20,856,221	20,438,027	23,976,982	18,533,139	23,594,621	24,388,511	23,712,918	24,503,401	24,201,624	25,226,117	25,271,735	23,039,211	23,807,185	19,997,554	24,623,487	23,138,406	25,242,202	27,541,814	26,415,212	26,688,762	26,332,428	27,103,989	28,697,755	27,510,904	28,647,136	27,754,448	30,462,911	27,539,538	30,862,477	31,640,209	34,059,898	35,810,098	31,903,510	33,408,046	34,017,921	32,654,756	33,378,756	32,161,250	35,205,555	31,789,869	35,630,932	31,640,209	34,059,898	35,810,098	34,966,310	35,016,571	35,354,656	35,016,571	34,612,636	33,432,389	36,512,977	32,800,184	34,269,348	34,856,142	33,293,910	32,520,256	33,211,035	34,914,256	34,320,413	31,595,207	31,564,025	29,149,016	31,835,503	29,035,569	30,610,440	29,230,718	29,175,758	29,789,851	29,564,093	30,744,592	30,146,635	28,232,766	27,414,953	26,081,234	29,349,343	26,220,420	28,411,427	28,480,336	27,361,952	27,986,003	26,356,093	27,396,702	26,797,373	26,161,873	25,618,687	25,333,723	27,920,603	24,703,765	27,386,565																																																																																																																																																																																																																																																																																																																																																																																																																																																																																																																																																																																																																																																																																																																																																																																																																																																																																																																																														
Public road transport-Passenger kilometres																												1,247,011,868	1,087,328,188	1,213,131,931	1,189,330,340	1,273,418,624	1,226,292,511	1,151,868,148	1,090,990,546	1,102,641,571	1,274,684,419	1,175,379,999	1,314,175,742	37,816,829	36,681,779	38,405,792	36,674,944	1,419,073,322	1,358,232,845	1,324,034,001	1,261,895,957	1,242,835,022	1,274,218,458	1,176,565,577	1,302,908,631	1,350,475,252	1,243,753,971	1,314,944,770	1,307,339,415	1,406,298,526	1,366,139,940	1,283,448,543	1,250,033,534	1,280,372,180	1,341,986,557	1,212,389,751	1,340,941,782	1,365,362,172	1,507,806,342	1,369,477,123	1,323,920,094	1,416,169,417	1,348,421,252	1,281,348,407	1,248,257,421	1,272,083,165	1,340,079,470	1,273,657,257	1,354,907,424	1,397,395,067	1,280,343,171	1,329,338,581	1,322,037,167	1,330,700,576	1,314,789,165	1,245,647,587	1,259,997,678	1,200,777,662	1,305,065,905	1,087,335,730	1,136,887,851	1,143,004,243	1,118,338,171	1,107,728,426	1,088,920,770	1,116,261,074	1,058,655,511	1,007,440,440	1,000,727,115	1,014,927,206	1,047,310,549	970,472,062	1,043,572,493	1,059,178,036	963,402,307	1,039,306,283	1,015,433,088	1,095,827,783	1,069,477,435	989,243,266	992,718,080	1,002,238,937	1,038,942,171	921,930,039	1,013,786,970	1,000,891,656	939,609,062	1,001,621,090	988,139,916	1,056,932,436	1,052,449,654	1,018,999,051	958,878,842	1,333,862,564	1,267,186,810	1,348,091,046	1,418,022,425	1,325,112,007	1,325,457,758	1,356,172,049	1,377,518,098	1,426,143,060	1,417,785,340	1,385,640,943	1,348,968,044	1,354,731,834	1,357,338,997	1,261,003,608	1,397,410,494	1,429,788,944	1,336,752,179	1,399,051,122	1,435,972,941	1,462,083,152	1,420,193,012	1,350,739,406	1,331,575,799	1,274,937,632	1,356,069,558	1,245,057,601	1,199,264,633	1,257,532,675	1,230,860,428	1,258,229,511	1,233,631,759	1,256,086,048	1,277,995,128	1,226,278,632	1,236,965,116	1,218,669,780	1,254,463,243	1,134,840,050	1,246,929,584	1,168,714,200	1,191,367,416	1,231,669,280	1,188,522,848	1,193,664,784	1,193,906,464	1,207,396,906	1,248,498,394	1,227,426,012	1,274,848,183	1,147,525,667	1,290,328,937	1,254,359,562	1,234,277,675	1,269,906,949	1,286,352,731	1,329,231,156	1,286,000,022	1,240,867,964	1,236,477,479	1,162,856,399	1,218,790,439	1,094,315,660	1,155,636,307	1,181,951,302	1,054,325,181	1,125,293,864	1,072,669,897	1,091,219,353	1,105,853,274	1,284,667,020	1,298,169,026	1,285,309,775	1,280,996,754	1,102,608,025	1,265,729,212	1,046,812,221	1,019,093,875	1,040,191,036	1,095,279,587	1,075,183,511	1,073,481,303	1,146,826,808	1,138,749,666	1,115,916,274	1,214,245,643	1,037,484,923	1,185,337,018	1,331,600,000	1,294,700,000	1,337,700,000	1,205,108,316	1,249,422,501	1,245,601,334	1,257,940,921	1,299,872,301	1,092,866,448	1,196,963,545	1,182,453,626	1,241,922,396	1,336,313,972	1,366,919,623	1,395,316,270	1,393,765,277	1,501,196,299	1,521,843,884	1,581,743,078	1,492,771,856	1,476,530,350	1,568,759,561	1,455,845,991	1,598,355,722	1,831,882,464	1,740,045,251	1,798,046,760	1,753,047,809	1,702,171,617	1,818,825,599	1,783,166,672	1,706,695,603	1,697,697,546	1,802,851,486	1,660,276,407	1,800,864,795	1,831,882,464	1,740,045,251	1,798,046,760	1,753,047,809	1,702,171,617	1,818,825,599	1,743,133,841	1,763,455,976	1,739,477,279	1,842,226,434	1,640,793,421	1,787,820,555	1,736,574,917	1,710,132,822	1,616,940,788	1,688,808,660	1,698,562,793	1,769,465,010	1,677,955,960	1,653,210,814	1,557,600,167	1,644,593,461	1,525,643,410	1,584,770,511	1,526,625,041	1,474,211,018	1,525,015,047	1,574,372,233	1,535,082,608	1,618,502,886	1,519,333,079	1,494,790,776	1,311,829,911	1,526,380,478	1,386,144,431	1,463,517,874	1,477,035,957	1,461,598,894	1,535,895,647	1,478,090,594	1,475,507,530	1,434,324,633	1,493,581,437	1,465,657,476	1,453,898,474	1,570,981,823	1,386,612,931	1,515,596,258																																																																																																																																																																																																																																																																																																																																																																																																																																																																																																																																																																																																																																																																																																																																																																																																																																																																																																																																														
Rail transport-Operated kilometres																												1,093,857	1,060,434	852,045	864,412	1,063,438	922,564	877,811	1,006,112	934,514	1,019,190	921,989	1,018,942	19,288	19,523	19,797	18,708	18,465	1,024,576	945,933	998,318	970,308	1,014,416	917,214	1,009,272	799,515	979,111	977,147	991,294	1,026,468	1,004,487	983,269	989,347	962,852	1,034,442	916,487	1,014,290	1,016,177	977,142	1,015,902	989,251	1,018,786	1,007,988	982,236	991,227	953,901	1,017,560	943,695	1,007,140	997,286	948,628	1,006,097	990,535	1,001,889	1,009,709	980,469	1,011,060	948,256	1,005,263	915,844	982,089	960,167	957,268	892,487	943,001	971,795	966,027	918,252	915,620	892,833	949,780	778,896	928,958	948,706	911,686	945,930	908,111	935,837	869,372	908,251	926,532	887,239	925,962	835,128	921,039	871,353	896,190	911,614	871,435	904,959	903,616	867,719	886,377	810,458	843,918	777,484	822,102	844,698	824,099	854,499	820,440	900,698	884,353	846,821	852,411	860,961	845,444	731,448	824,259	809,031	792,292	804,682	813,851	848,160	849,985	812,966	788,800	764,959	847,355	764,290	826,629	834,929	817,654	830,441	800,867	822,906	822,768	805,734	808,355	762,366	813,423	720,246	784,940	771,248	770,207	717,233	763,258	791,142	798,897	764,477	781,996	753,169	781,554	732,745	801,043	784,196	778,859	790,138	812,058	854,268	828,963	817,772	832,021	809,899	859,718	747,122	811,055	796,972	775,893	735,367	691,908	721,176	735,198	708,445	756,100	710,280	724,617	657,847	739,121	710,505	710,633	748,162	645,464	732,867	715,398	705,807	709,275	702,339	715,914	573,447	646,399	701,444	711,846	748,594	717,949	753,063	764,518	727,863	746,421	675,991	751,490	474,717	628,490	758,632	738,116	626,649	759,845	766,831	752,859	744,819	751,530	713,079	754,656	694,927	765,435	775,787	749,274	762,956	760,776	805,494	806,883	793,710	813,957	772,809	824,453	747,678	823,483	775,290	705,821	812,657	742,935	821,028	813,393	792,630	804,485	801,996	829,484	743,868	799,738	799,167	755,460	781,964	748,104	789,555	752,842	769,420	767,285	745,915	781,679	727,909	768,115	713,542	745,935	789,622	754,875	752,927	753,773	755,757	762,694	730,092	751,096	675,247	744,688	729,336	718,133	740,301	716,605	710,251	711,613	689,992	736,951	686,326	715,392	654,964	723,895																																																																																																																																																																																																																																																																																																																																																																																																																																																																																																																																																																																																																																																																																																																																																																																																																																																																																																																																														
Rail transport-Freight ton kilometres																												8,911,406	9,058,274	7,269,704	8,581,911	9,521,076	11,122,658	9,332,794	11,190,061	10,074,349	10,456,163	9,468,677	10,629,684	815,505	967,986	996,168	961,702	868,300	12,067,674	7,281,592	9,472,037	10,093,844	11,201,724	13,049,589	12,366,811	11,268,097	11,727,958	13,025,817	14,623,272	11,907,502	11,603,533	10,997,381	11,485,104	12,312,708	12,881,780	10,541,171	12,419,346	11,819,614	10,845,737	12,112,033	12,117,221	13,144,946	12,530,322	11,854,349	9,783,982	10,187,482	12,367,068	11,136,365	12,008,753	10,490,128	8,157,159	10,851,424	13,150,723	11,550,430	10,921,877	11,132,358	11,217,603	10,348,847	11,334,923	10,245,898	10,620,559	8,280,555	9,494,522	10,590,832	11,585,432	11,977,397	11,934,943	10,534,689	8,369,777	16,240,279	11,725,580	9,135,607	10,561,129	10,219,949	11,120,044	11,565,878	11,549,055	12,749,952	11,847,405	10,608,809	11,019,760	11,053,057	11,619,599	9,930,912	9,691,230	8,626,021	9,825,385	10,631,032	12,450,465	15,509,542	12,810,414	12,304,016	12,298,290	15,198,438	13,085,912	10,062,030	9,636,389	34,310,844	7,141,222	11,115,954	11,844,274	17,075,802	12,124,533	10,469,440	11,440,099	10,956,717	9,480,568	8,253,824	9,997,123	8,949,345	8,281,175	12,642,831	13,004,546	13,112,809	47,772,461	10,232,166	9,260,179	7,920,840	13,262,400	10,423,391	7,937,857	7,598,022	7,030,743	10,733,803	10,090,397	10,821,573	9,779,478	9,740,873	9,346,746	8,974,135	9,448,301	10,227,590	9,850,146	887,914	7,697,254	8,007,461	10,613,465	10,821,573	11,711,099	11,406,605	11,967,913	10,799,993	10,699,718	7,925,081	10,130,745	9,254,387	11,171,071	10,617,511	10,420,155	11,369,685	12,459,971	11,502,403	11,641,448	9,981,616	12,832,487	10,535,937	11,391,025	9,557,030	7,344,816	10,496,902	10,464,887	12,051,405	12,397,335	19,926,204	12,862,342	11,937,880	9,249,940	11,265,236	10,552,886	10,656,291	9,480,055	10,609,470	9,886,668	9,829,579	12,304,574	12,127,104	10,848,127	10,118,842	13,102,309	11,088,635	12,865,022	11,108,146	12,386,641	13,021,974	12,683,027	13,146,541	14,878,018	12,307,452	10,250,434	9,641,462	11,977,973	8,076,480	8,825,645	11,170,449	9,557,012	9,702,593	12,081,903	10,662,587	13,019,830	11,673,997	9,294,265	8,013,784	11,487,677	10,316,758	11,089,567	9,319,355	8,114,566	9,116,673	10,875,845	12,583,948	11,921,226	11,984,468	11,060,088	9,409,833	11,114,871	9,763,589	10,664,629	10,203,424	7,419,706	9,950,943	9,943,971	10,599,086	12,098,161	10,677,602	10,388,184	7,264,362	8,193,609	6,909,097	6,866,556	8,051,524	6,479,530	7,743,561	7,968,597	8,400,338	8,341,543	7,296,313	7,873,900	6,541,543	7,766,120	6,844,451	6,749,421	6,567,881	8,338,367	13,962,618	7,714,663	8,008,953	7,979,113	11,587,907	8,887,414	6,468,829	8,712,862	8,070,782	8,453,951	8,199,853	9,240,634	9,238,780	7,558,378	8,568,045	9,206,443	8,514,483	7,666,413	8,393,057	12,077,020	9,799,932	9,836,235																																																																																																																																																																																																																																																																																																																																																																																																																																																																																																																																																																																																																																																																																																																																																																																																																																																																																																																																														
Transport-Vehicle registrations																								0	13,653	31,801	35,195	25,815	25,020	30,342	28,829	32,677	32,179	26,576	34,830	27,364	35,830	30,263	37,578	1,343,325,379	1,227,394,857	1,295,425,533	1,324,042,400	43,684	42,744	39,589	46,727	41,079	42,573	38,553	43,346	34,001	37,862	37,575	37,342	40,503	39,155	36,767	40,013	34,645	39,880	31,124	42,786	46,150	47,383	44,640	41,690	42,189	36,017	44,977	47,101	36,225	42,452	31,703	32,801	57,356	62,423	57,496	63,824	51,814	61,839	56,620	50,760	47,994	66,889	42,347	49,545	57,650	51,630	50,726	40,573	32,080	33,642	28,397	26,912	28,922	27,462	23,381	28,181	25,731	27,774	29,376	27,070	27,981	28,151	24,382	27,915	29,253	26,753	23,629	28,636	26,344	27,078	27,971	26,427	27,766	27,321	24,762	30,925	39,328	48,161	42,791	48,421	45,764	49,284	44,891	47,906	45,279	43,725	48,157	41,862	37,398	45,945	35,666	39,544	37,254	36,998	34,183	30,659	34,554	33,421	30,905	25,340	22,548	29,629	24,662	19,090	21,015	19,315	21,239	17,870	16,293	17,536	15,379	14,268	14,455	15,883	13,578	17,430	19,471	20,555	22,136	21,687	20,932	23,826	23,856	22,159	23,106	22,087	19,752	25,632	20,491	26,112	25,456	23,206	26,126	23,440	26,517	24,352	20,690	29,012	25,097	27,394	24,729	25,668	27,046	27,328	29,145	27,784	27,516	27,382	20,233	22,917	20,570	20,204	19,112	16,974	21,776	22,067	23,114	21,251	21,265	19,673	16,577	19,204	14,920	13,732	18,638	19,687	20,127	20,354	19,827	19,496	19,280	18,244	14,429	20,972	15,018	17,770	16,074	14,470	15,046	14,212	14,012	16,292	15,749	14,587	14,657	16,069	15,078	15,256	12,501	11,979	12,528	11,384	10,834	11,756	6,959	8,444	8,149	6,210	6,488	6,119	4,258	6,120	5,444	4,994	5,925	5,618	5,776	6,282	5,389	7,185	6,963	8,680	5,707	7,475	6,224	11,367	7,143	8,256	8,520	7,650	5,862	8,749	7,668	7,326	9,840	7,238	7,793	9,118	9,827	9,702	8,795	9,154	6,515	9,069	8,312	7,490	10,896	7,881	9,757	10,833	9,085	9,025	8,375	7,334	7,348	8,934	7,200	7,092																																																																																																																																																																																																																																																																																																																																																																																																																																																																																																																																																																																																																																																																																																																																																																																																																																																																																																																																														
Port Services-Vessels arrived																									386	401	416	405	399	390	385	403	394	379	394	377	407	370	405	30,970	31,948	44,848	34,738	423	422	421	392	405	429	402	436	430	402	400	398	428	413	400	410	399	430	363	406	422	403	404	413	438	440	409	410	401	428	403	427	393	396	411	395	415	403	390	408	378	400	362	377	381	357	371	368	372	370	338	356	356	365	304	326	320	340	347	332	339	343	330	331	323	342	302	327	339	325	343	335	350	367	359	342	327	367	329	351	369	337	366	360	388	360	355	362	380	378	322	355	335	354	354	344	329	349	316	341	335	348	299	363	345	337	382	366	391	393	383	403	359	401	306	390	401	401	408	400	403	401	394	420	402	414	374	396	401	373	411	390	401	404	379	390	395	411	354	401	386	369	379	362	384	329	382	382	380	390	343	366	377	357	378	349	368	340	325	328	326	350	314	328	314	318	327	306	314	316	330	323	320	364	322	331	346	326	333	319	339	326	327	333	332	358	341	352	338	343	363	338	355	343	328	353	329	351	310	311	304	269	297	284	300	359	347	352	344	380	335	350	340	337	346	341	367	354	341	363	358	373	350	362	350	349	349	361	372	345	344	349	387	406	350	377																																																																																																																																																																																																																																																																																																																																																																																																																																																																																																																																																																																																																																																																																																																																																																																																																																																																																																																																																										
Port Services-Container handled																									446,567	605,402	569,108	629,389	638,839	541,809	619,871	604,400	646,644	598,154	605,619	596,874	638,890	547,493	604,365	387	369	401	387	631,924	601,094	589,229	572,444	547,266	602,623	539,583	564,153	587,009	537,649	538,979	523,592	538,605	528,812	501,205	514,673	469,660	534,041	449,977	484,866	511,094	481,738	486,610	470,336	516,984	482,397	480,686	471,127	433,991	501,279	439,577	459,104	442,815	418,317	436,150	449,823	470,333	463,169	425,988	418,244	405,234	427,192	410,994	417,208	427,597	398,639	415,800	426,122	440,682	444,028	408,549	404,285	391,516	412,676	362,205	375,816	363,066	349,927	370,567	359,015	377,877	384,000	371,210	347,592	341,240	376,743	310,535	354,434	354,305	321,141	359,870	329,199	362,713	377,063	363,831	361,447	330,186	366,424	305,578	355,363	380,723	356,342	362,238	340,596	375,204	354,054	343,091	334,061	340,038	369,604	336,724	370,212	336,655	343,339	366,337	355,639	360,546	363,642	330,603	353,745	333,769	360,801	304,075	328,290	309,009	294,478	283,966	319,818	327,639	308,628	300,953	277,268	262,934	297,911	222,604	259,089	259,308	306,165	325,774	335,517	340,240	326,124	315,387	305,022	286,523	316,967	280,810	289,501	290,021	257,766	312,805	286,711	303,902	304,625	263,735	275,686	268,403	287,234	252,550	277,794	270,057	261,874	273,697	282,258	300,924	259,758	267,679	255,335	259,526	245,024	187,437	215,516	213,342	202,727	220,327	207,203	220,732	217,241	204,838	202,840	202,078	202,282	170,406	191,281	186,938	186,593	210,585	198,578	205,817	202,948	183,768	173,095	164,847	189,323	155,398	162,635	166,437	153,937	167,676	172,929	182,068	185,697	165,800	152,938	143,725	166,576	146,738	154,815	157,606	149,093	158,342	155,407	156,484	161,972	151,014	141,692	138,857	142,464	125,203	130,437	129,943	127,240	135,792	122,497	139,058	169,682	163,350	145,486	150,003	163,435	140,091	139,928	143,470	141,106	147,933	139,200	149,295	157,551	144,703	147,050	138,358	143,794	139,927	140,468	146,527	135,042	138,523	138,457	147,788	144,080	144,256	133,779	144,818	151,507	133,770	145,842																																																																																																																																																																																																																																																																																																																																																																																																																																																																																																																																																																																																																																																																																																																																																																																																																																																																																																																																																										
Port Services-Cargo handled																									9,236,157	8,670,805	9,345,491	9,104,836	8,277,576	9,017,798	8,801,443	9,142,374	8,785,727	9,031,344	9,038,991	8,786,738	9,765,690	8,250,839	8,975,702	608,387	593,189	622,618	574,976	9,249,020	8,949,965	8,879,826	8,579,580	8,270,255	9,075,041	8,004,177	8,391,451	8,614,890	7,925,161	7,979,089	7,983,025	8,313,814	7,981,789	7,610,886	7,707,326	7,274,312	8,145,312	6,851,521	7,469,404	7,622,477	7,042,260	7,352,363	7,273,047	7,762,202	7,301,355	7,294,081	7,155,315	6,685,490	7,427,909	6,515,301	7,087,288	6,791,631	6,266,005	6,661,593	6,811,133	6,841,785	6,892,158	6,479,415	6,447,964	5,910,035	6,386,621	5,698,525	6,392,522	6,390,388	6,169,680	6,167,536	6,289,342	6,841,339	6,819,524	5,858,290	6,186,735	6,048,628	6,390,111	5,554,109	5,694,039	5,772,817	5,360,685	5,439,859	5,559,776	5,728,742	5,786,054	5,906,719	5,531,216	5,263,446	5,838,902	4,793,638	5,260,472	5,275,235	5,129,697	5,505,852	5,325,356	5,550,197	5,634,786	5,621,281	5,411,665	5,140,386	5,855,796	4,834,841	5,681,935	5,708,657	5,388,327	5,714,201	5,377,313	5,644,017	5,437,678	5,369,870	5,158,283	5,145,776	5,733,088	4,808,717	5,582,229	4,951,759	5,102,705	5,377,495	5,233,626	5,363,624	5,327,629	4,997,287	5,146,914	5,087,952	5,237,548	4,430,887	4,981,966	4,460,376	4,139,059	4,315,075	4,317,970	4,658,315	4,387,670	4,481,385	4,067,232	3,523,425	4,076,438	3,051,111	3,299,411	3,679,114	4,083,119	4,443,929	4,559,988	4,671,978	4,303,036	4,400,138	4,330,588	4,083,550	4,263,753	3,768,373	4,025,092	4,016,428	3,669,610	4,035,495	3,940,843	3,915,867	4,099,896	3,836,680	3,873,488	3,937,200	3,946,450	3,458,386	3,613,877	3,743,137	3,498,623	3,650,157	3,524,600	3,913,018	3,531,275	3,753,571	3,658,221	3,575,746	3,644,572	2,965,668	3,202,386	3,207,808	3,082,146	3,411,856	3,278,743	3,273,232	2,957,033	3,252,274	2,973,269	3,152,568	3,189,852	2,719,952	2,801,927	2,892,841	2,782,041	3,159,557	2,966,013	3,089,828	3,076,116	2,794,086	2,618,638	2,575,407	3,033,623	2,463,063	2,508,193	2,631,046	2,531,014	2,509,873	2,540,901	2,971,394	2,757,738	2,412,484	2,375,773	2,396,467	2,372,854	2,479,925	2,512,395	2,458,119	2,532,008	2,474,543	2,505,625	2,618,723	2,436,706	2,316,499	2,365,374	2,254,845	2,167,478	2,043,575	2,162,331	1,953,062	2,075,693	2,182,469	2,088,779	2,221,246	2,544,125	2,487,586	2,414,938	2,307,980	2,585,769	2,106,154	2,051,241	2,313,907	2,044,078	2,374,636	2,263,915	2,307,338	2,388,352	2,328,614	2,356,873	2,286,404	2,381,035	2,153,630	2,336,206	2,383,363	2,150,798	2,193,604	2,328,608	2,288,279	2,193,406	2,393,633	2,080,370	2,216,197	2,470,096	1,954,199	2,342,372																																																																																																																																																																																																																																																																																																																																																																																																																																																																																																																																																																																																																																																																																																																																																																																																																																																																																																																																																										
